Isolate,Lineage,Country,Year,Region
D17181461,BD-2b,Bangladesh this study,2018,South Asia
D10181787,BD-2b,Bangladesh this study,2018,South Asia
D10181768,BD-2b,Bangladesh this study,2018,South Asia
D10181758,BD-2b,Bangladesh this study,2018,South Asia
D10181952,BD-2b,Bangladesh this study,2018,South Asia
D10181879,BD-2b,Bangladesh this study,2018,South Asia
D10181796,BD-2b,Bangladesh this study,2018,South Asia
D10181790,BD-2b,Bangladesh this study,2018,South Asia
D10181766,BD-2b,Bangladesh this study,2018,South Asia
D10181763,BD-2b,Bangladesh this study,2018,South Asia
D10181742,BD-2b,Bangladesh this study,2018,South Asia
D10181732,BD-2b,Bangladesh this study,2018,South Asia
D10181708,BD-2b,Bangladesh this study,2018,South Asia
D10181835,BD-2b,Bangladesh this study,2018,South Asia
D10181767,BD-2b,Bangladesh this study,2018,South Asia
D10181707,BD-2b,Bangladesh this study,2018,South Asia
D17181269,BD-2b,Bangladesh this study,2018,South Asia
D10181806,BD-2b,Bangladesh this study,2018,South Asia
D05181785,BD-2b,Bangladesh this study,2018,South Asia
1319450,BD-2b,Bangladesh this study,2018,South Asia
D10181823,BD-2b,Bangladesh this study,2018,South Asia
D10182028,BD-2b,Bangladesh this study,2018,South Asia
D10181743,BD-2b,Bangladesh this study,2018,South Asia
D10181710,BD-2b,Bangladesh this study,2018,South Asia
D10181789,BD-2b,Bangladesh this study,2018,South Asia
D10181760,BD-2b,Bangladesh this study,2018,South Asia
D10181801,BD-2b,Bangladesh this study,2018,South Asia
D10181788,BD-2b,Bangladesh this study,2018,South Asia
D10181779,BD-2b,Bangladesh this study,2018,South Asia
D10181773,BD-2b,Bangladesh this study,2018,South Asia
D05181784,BD-2b,Bangladesh this study,2018,South Asia
D10181764,BD-2b,Bangladesh this study,2018,South Asia
D04181604,BD-2b,Bangladesh this study,2018,South Asia
D10181714,BD-2b,Bangladesh this study,2018,South Asia
D17181834,BD-1,Bangladesh this study,2018,South Asia
D17181818,BD-1,Bangladesh this study,2018,South Asia
D17181817,BD-1,Bangladesh this study,2018,South Asia
D17181815,BD-1,Bangladesh this study,2018,South Asia
D17181798,BD-1,Bangladesh this study,2018,South Asia
D17181797,BD-1,Bangladesh this study,2018,South Asia
D17181795,BD-1,Bangladesh this study,2018,South Asia
D17181793,BD-1,Bangladesh this study,2018,South Asia
D17181779,BD-1,Bangladesh this study,2018,South Asia
D17181754,BD-1,Bangladesh this study,2018,South Asia
D17181556,BD-1,Bangladesh this study,2018,South Asia
D17181435,BD-1,Bangladesh this study,2018,South Asia
D17181434,BD-1,Bangladesh this study,2018,South Asia
D17181428,BD-1,Bangladesh this study,2018,South Asia
D17181426,BD-1,Bangladesh this study,2018,South Asia
D17181397,BD-1,Bangladesh this study,2018,South Asia
D17181392,BD-1,Bangladesh this study,2018,South Asia
D17181390,BD-1,Bangladesh this study,2018,South Asia
D17181378,BD-1,Bangladesh this study,2018,South Asia
D17181377,BD-1,Bangladesh this study,2018,South Asia
D17181376,BD-1,Bangladesh this study,2018,South Asia
D17181365,BD-1,Bangladesh this study,2018,South Asia
D17181353,BD-1,Bangladesh this study,2018,South Asia
D15180852,BD-1,Bangladesh this study,2018,South Asia
D15180780,BD-1,Bangladesh this study,2018,South Asia
D15180765,BD-1,Bangladesh this study,2018,South Asia
D15180683,BD-1,Bangladesh this study,2018,South Asia
D10182104,BD-1,Bangladesh this study,2018,South Asia
D10182089,BD-1,Bangladesh this study,2018,South Asia
D10182082,BD-1,Bangladesh this study,2018,South Asia
D10182081,BD-1,Bangladesh this study,2018,South Asia
D10182070,BD-1,Bangladesh this study,2018,South Asia
D10182069,BD-1,Bangladesh this study,2018,South Asia
D10182063,BD-1,Bangladesh this study,2018,South Asia
D10182051,BD-1,Bangladesh this study,2018,South Asia
D10182039,BD-1,Bangladesh this study,2018,South Asia
D10181973,BD-1,Bangladesh this study,2018,South Asia
D10181893,BD-1,Bangladesh this study,2018,South Asia
D10181853,BD-1,Bangladesh this study,2018,South Asia
D10181834,BD-1,Bangladesh this study,2018,South Asia
D10181738,BD-1,Bangladesh this study,2018,South Asia
D05181764,BD-1,Bangladesh this study,2018,South Asia
D05181753,BD-1,Bangladesh this study,2018,South Asia
D05181745,BD-1,Bangladesh this study,2018,South Asia
D05181743,BD-1,Bangladesh this study,2018,South Asia
D05181742,BD-1,Bangladesh this study,2018,South Asia
D05181723,BD-1,Bangladesh this study,2018,South Asia
D05181710,BD-1,Bangladesh this study,2018,South Asia
D05181703,BD-1,Bangladesh this study,2018,South Asia
D05181695,BD-1,Bangladesh this study,2018,South Asia
D05181665,BD-1,Bangladesh this study,2018,South Asia
D04181780,BD-1,Bangladesh this study,2018,South Asia
D04181685,BD-1,Bangladesh this study,2018,South Asia
D04181658,BD-1,Bangladesh this study,2018,South Asia
D04181657,BD-1,Bangladesh this study,2018,South Asia
D04181638,BD-1,Bangladesh this study,2018,South Asia
D04181566,BD-1,Bangladesh this study,2018,South Asia
D04181552,BD-1,Bangladesh this study,2018,South Asia
D04181547,BD-1,Bangladesh this study,2018,South Asia
D04181472,BD-1,Bangladesh this study,2018,South Asia
D02182354,BD-1,Bangladesh this study,2018,South Asia
D02182316,BD-1,Bangladesh this study,2018,South Asia
D02182290,BD-1,Bangladesh this study,2018,South Asia
D02182289,BD-1,Bangladesh this study,2018,South Asia
D02182272,BD-1,Bangladesh this study,2018,South Asia
D02182270,BD-1,Bangladesh this study,2018,South Asia
D02182243,BD-1,Bangladesh this study,2018,South Asia
D02182238,BD-1,Bangladesh this study,2018,South Asia
D02182228,BD-1,Bangladesh this study,2018,South Asia
D02182219,BD-1,Bangladesh this study,2018,South Asia
D02182216,BD-1,Bangladesh this study,2018,South Asia
D02182215,BD-1,Bangladesh this study,2018,South Asia
D02182180,BD-1,Bangladesh this study,2018,South Asia
D02182175,BD-1,Bangladesh this study,2018,South Asia
D02182164,BD-1,Bangladesh this study,2018,South Asia
D02182112,BD-1,Bangladesh this study,2018,South Asia
D02182111,BD-1,Bangladesh this study,2018,South Asia
1462450,BD-3,Bangladesh this study,2019,South Asia
1459050,BD-3,Bangladesh this study,2019,South Asia
1458300,BD-3,Bangladesh this study,2019,South Asia
1457950,BD-3,Bangladesh this study,2019,South Asia
1450500,BD-3,Bangladesh this study,2019,South Asia
1449850,BD-1,Bangladesh this study,2019,South Asia
1446300,BD-1,Bangladesh this study,2019,South Asia
1446100,BD-3,Bangladesh this study,2019,South Asia
1444100,BD-3,Bangladesh this study,2019,South Asia
1394550,BD-1,Bangladesh this study,2018,South Asia
1385800,BD-1,Bangladesh this study,2018,South Asia
1385750,BD-1,Bangladesh this study,2018,South Asia
1383600,BD-1,Bangladesh this study,2018,South Asia
1376450,BD-1,Bangladesh this study,2018,South Asia
1373300,BD-1,Bangladesh this study,2018,South Asia
1368050,BD-1,Bangladesh this study,2018,South Asia
1366350,BD-1,Bangladesh this study,2018,South Asia
1365150,BD-1,Bangladesh this study,2018,South Asia
1365100,BD-1,Bangladesh this study,2018,South Asia
1362600,BD-1,Bangladesh this study,2018,South Asia
1362500,BD-1,Bangladesh this study,2018,South Asia
1356500,BD-1,Bangladesh this study,2018,South Asia
1351200,BD-1,Bangladesh this study,2018,South Asia
1350900,BD-1,Bangladesh this study,2018,South Asia
1346150,BD-1,Bangladesh this study,2018,South Asia
1343350,BD-1,Bangladesh this study,2018,South Asia
1339300,BD-1,Bangladesh this study,2018,South Asia
1335800,BD-1,Bangladesh this study,2018,South Asia
1326450,BD-1,Bangladesh this study,2018,South Asia
1325700,BD-1,Bangladesh this study,2018,South Asia
1323750,BD-1,Bangladesh this study,2018,South Asia
1323500,BD-1,Bangladesh this study,2018,South Asia
1321900,BD-1,Bangladesh this study,2018,South Asia
1321850,BD-1,Bangladesh this study,2018,South Asia
1319650,BD-1,Bangladesh this study,2018,South Asia
1319200,BD-1,Bangladesh this study,2018,South Asia
1318950,BD-1,Bangladesh this study,2018,South Asia
1318750,BD-1,Bangladesh this study,2018,South Asia
1318700,BD-1,Bangladesh this study,2018,South Asia
1318300,BD-3,Bangladesh this study,2018,South Asia
1318150,BD-1,Bangladesh this study,2018,South Asia
1318050,BD-1,Bangladesh this study,2018,South Asia
1317650,BD-1,Bangladesh this study,2018,South Asia
1315500,BD-1,Bangladesh this study,2018,South Asia
1314850,BD-1,Bangladesh this study,2018,South Asia
1313450,BD-1,Bangladesh this study,2018,South Asia
1311150,BD-1,Bangladesh this study,2018,South Asia
1310500,BD-1,Bangladesh this study,2018,South Asia
1302850,BD-1,Bangladesh this study,2018,South Asia
1302800,BD-1,Bangladesh this study,2018,South Asia
1299400,BD-1,Bangladesh this study,2018,South Asia
1297300,BD-1,Bangladesh this study,2018,South Asia
1296600,BD-1,Bangladesh this study,2018,South Asia
1294750,BD-1,Bangladesh this study,2018,South Asia
1293000,BD-1,Bangladesh this study,2018,South Asia
1290550,BD-1,Bangladesh this study,2018,South Asia
1290250,BD-1,Bangladesh this study,2018,South Asia
1289950,BD-1,Bangladesh this study,2018,South Asia
1289800,BD-1,Bangladesh this study,2018,South Asia
1289750,BD-1,Bangladesh this study,2018,South Asia
1289150,BD-1,Bangladesh this study,2018,South Asia
1288650,BD-1,Bangladesh this study,2018,South Asia
1287962,BD-1,Bangladesh this study,2018,South Asia
1287950,BD-1,Bangladesh this study,2018,South Asia
1287100,BD-1,Bangladesh this study,2018,South Asia
1285155,BD-1,Bangladesh this study,2018,South Asia
1284579,BD-1,Bangladesh this study,2018,South Asia
1283250,BD-1,Bangladesh this study,2018,South Asia
1281469,BD-1,Bangladesh this study,2018,South Asia
1280950,BD-3,Bangladesh this study,2018,South Asia
1279435,BD-1,Bangladesh this study,2018,South Asia
1277967,BD-1,Bangladesh this study,2018,South Asia
1276100,BD-1,Bangladesh this study,2018,South Asia
1274897,BD-1,Bangladesh this study,2018,South Asia
1274767,BD-1,Bangladesh this study,2018,South Asia
D17181835,BD-1,Bangladesh this study,2018,South Asia
D17181538,BD-1,Bangladesh this study,2018,South Asia
D17181529,BD-1,Bangladesh this study,2018,South Asia
D17181515,BD-1,Bangladesh this study,2018,South Asia
D17181424,BD-1,Bangladesh this study,2018,South Asia
D17181407,BD-1,Bangladesh this study,2018,South Asia
D17181384,BD-1,Bangladesh this study,2018,South Asia
D15180690,BD-1,Bangladesh this study,2018,South Asia
D10182071,BD-1,Bangladesh this study,2018,South Asia
D10181847,BD-1,Bangladesh this study,2018,South Asia
D05181749,BD-1,Bangladesh this study,2018,South Asia
D02182446,BD-1,Bangladesh this study,2018,South Asia
D02182438,BD-1,Bangladesh this study,2018,South Asia
D02182271,BD-1,Bangladesh this study,2018,South Asia
D02182267,BD-1,Bangladesh this study,2018,South Asia
D02182206,BD-1,Bangladesh this study,2018,South Asia
D02182183,BD-1,Bangladesh this study,2018,South Asia
D02182172,BD-1,Bangladesh this study,2018,South Asia
D02182163,BD-1,Bangladesh this study,2018,South Asia
D02182158,BD-1,Bangladesh this study,2018,South Asia
D02182089,BD-1,Bangladesh this study,2018,South Asia
1328550,BD-1,Bangladesh this study,2018,South Asia
1310800,BD-1,Bangladesh this study,2018,South Asia
1309600,BD-1,Bangladesh this study,2018,South Asia
1305250,BD-1,Bangladesh this study,2018,South Asia
1299650,BD-1,Bangladesh this study,2018,South Asia
1296800,BD-1,Bangladesh this study,2018,South Asia
1287250,BD-1,Bangladesh this study,2018,South Asia
1287200,BD-1,Bangladesh this study,2018,South Asia
1283700,BD-1,Bangladesh this study,2018,South Asia
1283200,BD-1,Bangladesh this study,2018,South Asia
1277103,BD-1,Bangladesh this study,2018,South Asia
1277101,BD-1,Bangladesh this study,2018,South Asia
D10182048,BD-1,Bangladesh this study,2018,South Asia
D02182360,BD-1,Bangladesh this study,2018,South Asia
D17181373,BD-1,Bangladesh this study,2018,South Asia
D10182077,BD-1,Bangladesh this study,2018,South Asia
D10182047,BD-1,Bangladesh this study,2018,South Asia
D02182361,BD-1,Bangladesh this study,2018,South Asia
1274300,BD-1,Bangladesh this study,2018,South Asia
D02182190,BD-1,Bangladesh this study,2018,South Asia
D10182075,BD-1,Bangladesh this study,2018,South Asia
D02182249,BD-2a,Bangladesh this study,2018,South Asia
D02182503,BD-2a,Bangladesh this study,2018,South Asia
1305100,BD-2a,Bangladesh this study,2018,South Asia
1284200,BD-2a,Bangladesh this study,2018,South Asia
1287972,BD-2a,Bangladesh this study,2018,South Asia
1277300,BD-2a,Bangladesh this study,2018,South Asia
1279444,BD-2a,Bangladesh this study,2018,South Asia
D10181726,BD-2a,Bangladesh this study,2018,South Asia
D10181702,BD-2a,Bangladesh this study,2018,South Asia
D10181698,BD-2a,Bangladesh this study,2018,South Asia
D05181667,BD-2a,Bangladesh this study,2018,South Asia
D05181747,BD-2a,Bangladesh this study,2018,South Asia
D10181724,BD-2a,Bangladesh this study,2018,South Asia
D02182400,BD-2a,Bangladesh this study,2018,South Asia
D17181568,BD-2a,Bangladesh this study,2018,South Asia
1450100,BD-2a,Bangladesh this study,2019,South Asia
D05181647,BD-2a,Bangladesh this study,2018,South Asia
D02182170,BD-2a,Bangladesh this study,2018,South Asia
D02182404,BD-2a,Bangladesh this study,2018,South Asia
1281050,BD-2a,Bangladesh this study,2018,South Asia
1277550,BD-2a,Bangladesh this study,2018,South Asia
D10181706,BD-2a,Bangladesh this study,2018,South Asia
D05181661,BD-2a,Bangladesh this study,2018,South Asia
1276693,BD-1,Bangladesh this study,2018,South Asia
D02182092,BD-2a,Bangladesh this study,2018,South Asia
1281033,BD-2a,Bangladesh this study,2018,South Asia
1293031,BD-2a,Bangladesh this study,2018,South Asia
1285850,BD-2a,Bangladesh this study,2018,South Asia
D02182318,BD-2a,Bangladesh this study,2018,South Asia
D02182145,BD-2a,Bangladesh this study,2018,South Asia
1277850,BD-2a,Bangladesh this study,2018,South Asia
D10181752,BD-2a,Bangladesh this study,2018,South Asia
1311100,BD-2a,Bangladesh this study,2018,South Asia
D02182286,BD-2a,Bangladesh this study,2018,South Asia
D02182495,BD-2a,Bangladesh this study,2018,South Asia
D05181693,BD-2a,Bangladesh this study,2018,South Asia
1279448,BD-2a,Bangladesh this study,2018,South Asia
D10181709,BD-2a,Bangladesh this study,2018,South Asia
1276704,BD-2a,Bangladesh this study,2018,South Asia
1283870,BD-2a,Bangladesh this study,2018,South Asia
D05181675,BD-2a,Bangladesh this study,2018,South Asia
D05181688,BD-2a,Bangladesh this study,2018,South Asia
D15180677,BD-2a,Bangladesh this study,2018,South Asia
1276667,BD-2a,Bangladesh this study,2018,South Asia
D02182146,BD-2a,Bangladesh this study,2018,South Asia
DRR069021,BD-2,India,2008,South Asia
DRR069024,BD-2,India,2008,South Asia
DRR069025,BD-2,India,2008,South Asia
DRR069030,BD-1,India,2009,South Asia
DRR069032,BD-1,India,2009,South Asia
DRR069038,BD-2,India,2009,South Asia
DRR069040,BD-1,India,2010,South Asia
DRR069041,BD-1,India,2010,South Asia
DRR069042,BD-1,India,2010,South Asia
DRR069043,BD-1,India,2010,South Asia
DRR069044,BD-1,India,2010,South Asia
DRR069045,BD-1,India,2010,South Asia
DRR069046,BD-1,India,2010,South Asia
DRR069047,BD-1,India,2010,South Asia
DRR069048,BD-1,India,2010,South Asia
DRR069049,BD-2,India,2010,South Asia
DRR069050,BD-1,India,2011,South Asia
DRR069051,BD-1,India,2011,South Asia
DRR069052,BD-1,India,2011,South Asia
DRR069053,BD-1,India,2011,South Asia
DRR069054,BD-1,India,2011,South Asia
DRR069055,BD-1,India,2011,South Asia
DRR069056,BD-1,India,2011,South Asia
DRR069057,BD-1,India,2011,South Asia
DRR069058,BD-1,India,2011,South Asia
DRR069059,BD-1,India,2011,South Asia
DRR069060,BD-1,India,2012,South Asia
DRR069061,BD-1,India,2012,South Asia
DRR069062,BD-1,India,2012,South Asia
DRR069063,BD-1,India,2012,South Asia
DRR069064,BD-1,India,2012,South Asia
DRR069065,BD-1,India,2012,South Asia
DRR069066,BD-1,India,2012,South Asia
DRR069067,BD-1,India,2012,South Asia
DRR069068,BD-1,India,2012,South Asia
DRR069069,BD-1,India,2012,South Asia
DRR069070,BD-1,India,2013,South Asia
DRR069071,BD-1,India,2013,South Asia
DRR069072,BD-1,India,2013,South Asia
DRR069073,BD-1,India,2013,South Asia
DRR069074,BD-1,India,2013,South Asia
DRR069075,BD-1,India,2013,South Asia
DRR069076,BD-1,India,2013,South Asia
DRR069077,BD-1,India,2013,South Asia
DRR069078,BD-1,India,2013,South Asia
DRR069079,BD-1,India,2013,South Asia
DRR069080,BD-1,India,2014,South Asia
DRR069081,BD-1,India,2014,South Asia
DRR069082,BD-1,India,2014,South Asia
DRR069083,BD-1,India,2014,South Asia
DRR069084,BD-1,India,2014,South Asia
DRR069085,BD-1,India,2014,South Asia
DRR069086,BD-1,India,2014,South Asia
DRR069087,BD-1,India,2014,South Asia
DRR069088,BD-1,India,2014,South Asia
DRR069089,BD-1,India,2014,South Asia
DRR189280,BD-1,Bangladesh,2010,South Asia
DRR189281,BD-1,Bangladesh,2010,South Asia
DRR189282,BD-1,Bangladesh,2010,South Asia
DRR189283,BD-1,Bangladesh,2011,South Asia
DRR189284,BD-1,Bangladesh,2011,South Asia
DRR189285,BD-2,Bangladesh,2011,South Asia
DRR189286,BD-2,Bangladesh,2012,South Asia
DRR189287,BD-2,Bangladesh,2012,South Asia
DRR189288,BD-2,Bangladesh,2012,South Asia
DRR189289,BD-2,Bangladesh,2012,South Asia
DRR189290,BD-2,Bangladesh,2013,South Asia
DRR189291,BD-2,Bangladesh,2014,South Asia
DRR189292,BD-1,Bangladesh,2015,South Asia
DRR189293,BD-2,Bangladesh,2015,South Asia
DRR189294,BD-2,Bangladesh,2015,South Asia
DRR189295,BD-2,Bangladesh,2015,South Asia
DRR189296,BD-2,Bangladesh,2015,South Asia
DRR189297,BD-2,Bangladesh,2015,South Asia
DRR189298,BD-1,Bangladesh,2016,South Asia
DRR189299,BD-2,Bangladesh,2016,South Asia
DRR189300,BD-2,Bangladesh,2016,South Asia
DRR189301,BD-2,Bangladesh,2016,South Asia
DRR189302,BD-2,Bangladesh,2016,South Asia
DRR189303,BD-2,Bangladesh,2016,South Asia
DRR189304,BD-2,Bangladesh,2016,South Asia
DRR189305,BD-2,Bangladesh,2016,South Asia
DRR189306,BD-2,Bangladesh,2016,South Asia
DRR189308,BD-1,Bangladesh,2012,South Asia
DRR189309,BD-1,Bangladesh,2012,South Asia
DRR189310,BD-1,Bangladesh,2011,South Asia
DRR189311,BD-1,Bangladesh,2011,South Asia
DRR189312,BD-1,Bangladesh,2012,South Asia
DRR189313,BD-1,Bangladesh,2011,South Asia
DRR189314,BD-1,Bangladesh,2011,South Asia
DRR189315,BD-2,Bangladesh,2013,South Asia
DRR189316,BD-2,Bangladesh,2013,South Asia
DRR189317,BD-2,Bangladesh,2013,South Asia
DRR189318,BD-2,Bangladesh,2013,South Asia
DRR189319,BD-2,Bangladesh,2013,South Asia
DRR189320,BD-2,Bangladesh,2013,South Asia
DRR189321,BD-2,Bangladesh,2014,South Asia
DRR189322,BD-2,Bangladesh,2014,South Asia
DRR189323,BD-2,Bangladesh,2014,South Asia
DRR189324,BD-2,Bangladesh,2014,South Asia
DRR189325,BD-2,Bangladesh,2014,South Asia
DRR189326,BD-2,Bangladesh,2013,South Asia
DRR189327,BD-2,Bangladesh,2014,South Asia
DRR189328,BD-2,Bangladesh,2014,South Asia
DRR189329,BD-2,Bangladesh,2014,South Asia
DRR189330,BD-2,Bangladesh,2014,South Asia
DRR189331,BD-1,India,2015,South Asia
DRR189332,BD-1,India,2015,South Asia
DRR189333,BD-2,India,2015,South Asia
DRR189334,BD-1,India,2015,South Asia
DRR189336,BD-1,India,2015,South Asia
DRR189337,BD-1,India,2016,South Asia
DRR189338,BD-1,India,2016,South Asia
DRR189339,BD-1,India,2016,South Asia
DRR189341,BD-1,India,2016,South Asia
DRR189342,BD-1,India,2016,South Asia
DRR189343,BD-1,India,2016,South Asia
DRR189344,BD-1,India,2016,South Asia
DRR189345,BD-1,India,2016,South Asia
DRR189346,BD-2,Bangladesh,2010,South Asia
DRR189347,BD-1,Bangladesh,2010,South Asia
DRR335607,BD-1,Bangladesh,2007,South Asia
DRR335608,BD-2,Bangladesh,2007,South Asia
DRR335609,BD-1,Bangladesh,2007,South Asia
DRR335610,BD-1,Bangladesh,2007,South Asia
DRR335611,BD-1,Bangladesh,2007,South Asia
DRR335612,BD-1,Bangladesh,2007,South Asia
DRR335613,BD-1,Bangladesh,2007,South Asia
DRR335614,BD-1,Bangladesh,2007,South Asia
DRR335615,BD-1,Bangladesh,2007,South Asia
DRR335616,BD-1,Bangladesh,2007,South Asia
DRR335617,BD-1,Bangladesh,2007,South Asia
DRR335618,BD-1,Bangladesh,2007,South Asia
DRR335619,BD-1,Bangladesh,2008,South Asia
DRR335620,BD-1,Bangladesh,2008,South Asia
DRR335621,BD-1,Bangladesh,2008,South Asia
DRR335622,BD-1,Bangladesh,2008,South Asia
DRR335623,BD-1,Bangladesh,2008,South Asia
DRR335624,BD-1,Bangladesh,2008,South Asia
DRR335625,BD-1,Bangladesh,2008,South Asia
DRR335626,BD-1,Bangladesh,2008,South Asia
DRR335627,BD-1,Bangladesh,2008,South Asia
DRR335628,BD-2,Bangladesh,2009,South Asia
DRR335629,BD-2,Bangladesh,2009,South Asia
DRR335630,BD-2,Bangladesh,2009,South Asia
DRR335631,BD-2,Bangladesh,2009,South Asia
DRR335632,BD-2,Bangladesh,2009,South Asia
DRR335633,BD-2,Bangladesh,2009,South Asia
DRR335634,BD-2,Bangladesh,2009,South Asia
DRR335635,BD-1,Bangladesh,2010,South Asia
DRR335636,BD-1,Bangladesh,2010,South Asia
DRR335637,BD-1,Bangladesh,2010,South Asia
DRR335638,BD-1,Bangladesh,2010,South Asia
DRR335639,BD-1,Bangladesh,2010,South Asia
DRR335640,BD-1,Bangladesh,2010,South Asia
DRR335641,BD-1,Bangladesh,2010,South Asia
DRR335642,BD-1,Bangladesh,2010,South Asia
DRR335643,BD-2,Bangladesh,2010,South Asia
DRR335644,BD-1,Bangladesh,2010,South Asia
DRR335645,BD-1,Bangladesh,2010,South Asia
DRR335646,BD-1,Bangladesh,2010,South Asia
DRR335647,BD-1,Bangladesh,2011,South Asia
DRR335648,BD-1,Bangladesh,2011,South Asia
DRR335649,BD-1,Bangladesh,2011,South Asia
DRR335650,BD-1,Bangladesh,2012,South Asia
DRR335651,BD-1,Bangladesh,2012,South Asia
DRR335652,BD-1,Bangladesh,2012,South Asia
DRR335653,BD-1,Bangladesh,2012,South Asia
DRR335654,BD-2,Bangladesh,2013,South Asia
DRR335655,BD-2,Bangladesh,2013,South Asia
DRR335656,BD-2,Bangladesh,2013,South Asia
DRR335657,BD-2,Bangladesh,2013,South Asia
DRR335658,BD-2,Bangladesh,2013,South Asia
DRR335659,BD-2,Bangladesh,2013,South Asia
DRR335660,BD-2,Bangladesh,2013,South Asia
DRR335661,BD-2,Bangladesh,2013,South Asia
DRR335662,BD-2,Bangladesh,2014,South Asia
DRR335663,BD-2,Bangladesh,2014,South Asia
DRR335664,BD-2,Bangladesh,2014,South Asia
DRR335665,BD-2,Bangladesh,2014,South Asia
DRR335666,BD-2,Bangladesh,2014,South Asia
DRR335667,BD-2,Bangladesh,2009,South Asia
DRR335668,BD-2,Bangladesh,2009,South Asia
DRR335669,BD-1,Bangladesh,2010,South Asia
DRR335670,BD-1,Bangladesh,2011,South Asia
DRR335671,BD-2,Bangladesh,2013,South Asia
DRR335672,BD-1,Bangladesh,2014,South Asia
DRR335673,BD-2,Bangladesh,2015,South Asia
DRR335674,BD-2,Bangladesh,2015,South Asia
DRR335675,BD-2,Bangladesh,2015,South Asia
DRR335676,BD-2,Bangladesh,2015,South Asia
DRR335677,BD-2,Bangladesh,2016,South Asia
DRR335678,BD-2,Bangladesh,2016,South Asia
DRR335679,BD-2,Bangladesh,2016,South Asia
DRR335680,BD-2,Bangladesh,2017,South Asia
DRR335681,BD-2,Bangladesh,2017,South Asia
DRR335682,BD-2,Bangladesh,2017,South Asia
DRR335683,BD-2,Bangladesh,2017,South Asia
DRR335684,BD-2,Bangladesh,2017,South Asia
DRR335685,BD-2,Bangladesh,2017,South Asia
DRR335686,BD-2,Bangladesh,2017,South Asia
DRR335687,BD-2,Bangladesh,2017,South Asia
DRR335688,BD-2,Bangladesh,2017,South Asia
DRR335689,BD-2,Bangladesh,2017,South Asia
DRR335690,BD-2,Bangladesh,2017,South Asia
DRR335691,BD-1,Bangladesh,2004,South Asia
DRR335692,BD-1,Bangladesh,2004,South Asia
DRR335693,BD-2,Bangladesh,2004,South Asia
DRR335694,BD-2,Bangladesh,2005,South Asia
DRR335695,BD-1,Bangladesh,2005,South Asia
DRR335696,BD-2,Bangladesh,2005,South Asia
DRR335697,BD-1,Bangladesh,2005,South Asia
DRR335698,BD-2,Bangladesh,2006,South Asia
DRR335700,BD-1,Bangladesh,2007,South Asia
DRR335701,BD-1,Bangladesh,2007,South Asia
DRR335702,BD-1,Bangladesh,2007,South Asia
DRR335703,BD-2,Bangladesh,2008,South Asia
DRR335704,BD-2,Bangladesh,2008,South Asia
DRR335705,BD-2,Bangladesh,2009,South Asia
DRR335706,BD-1,Bangladesh,2010,South Asia
DRR335707,BD-1,Bangladesh,2010,South Asia
DRR335708,BD-1,Bangladesh,2010,South Asia
DRR335709,BD-2,Bangladesh,2010,South Asia
DRR335710,BD-2,Bangladesh,2011,South Asia
DRR335711,BD-2,Bangladesh,2011,South Asia
DRR335712,BD-2,Bangladesh,2011,South Asia
DRR335713,BD-2,Bangladesh,2011,South Asia
DRR335714,BD-2,Bangladesh,2011,South Asia
DRR335715,BD-2,Bangladesh,2011,South Asia
DRR335716,BD-2,Bangladesh,2011,South Asia
DRR335717,BD-2,Bangladesh,2012,South Asia
DRR335718,BD-2,Bangladesh,2012,South Asia
DRR335719,BD-2,Bangladesh,2012,South Asia
DRR335720,BD-0,Bangladesh,2012,South Asia
DRR335721,BD-0,Bangladesh,2012,South Asia
DRR335722,BD-2,Bangladesh,2012,South Asia
DRR335723,BD-0,Bangladesh,2012,South Asia
DRR335724,BD-2,Bangladesh,2013,South Asia
DRR335725,BD-2,Bangladesh,2014,South Asia
ERR018111,NA,India,2007,South Asia
ERR018112,NA,India,2006,South Asia
ERR018113,NA,Bangladesh,2001,South Asia
ERR018114,NA,Bangladesh,1999,South Asia
ERR018115,NA,Bangladesh,2001,South Asia
ERR018116,NA,Bangladesh,2001,South Asia
ERR018120,NA,Bangladesh,1994,South Asia
ERR018122,NA,Bangladesh,1991,South Asia
ERR018123,NA,India,2004,South Asia
ERR018125,NA,India,1991,South Asia
ERR018126,NA,India,1990,South Asia
ERR018127,NA,India,1989,South Asia
ERR018128,NA,Bangladesh,2006,South Asia
ERR018130,NA,India,2004,South Asia
ERR018149,NA,Colombia,1992,Latin America
ERR018186,NA,India,1973,South Asia
ERR018188,NA,India,1979,South Asia
ERR018189,NA,India,1980,South Asia
ERR018191,NA,India,1979,South Asia
ERR018195,NA,India,1992,South Asia
ERR019288,NA,Kenya,2005,Africa
ERR019290,NA,Kenya,2007,Africa
ERR019291,NA,Kenya,2007,Africa
ERR019295,NA,Kenya,2007,Africa
ERR019296,NA,Kenya,2005,Africa
ERR019297,NA,Kenya,2005,Africa
ERR019879,NA,Vietnam,1995,Southeast Asia
ERR019880,NA,Vietnam,2002,Southeast Asia
ERR019881,NA,India,2004,South Asia
ERR019882,NA,India,2006,South Asia
ERR025356,NA,Mozambique,2005,Africa
ERR025357,NA,India,2007,South Asia
ERR025358,NA,India,2007,South Asia
ERR025359,NA,India,2007,South Asia
ERR025360,NA,India,2007,South Asia
ERR025361,NA,India,2004,South Asia
ERR025362,NA,Vietnam,2004,Southeast Asia
ERR025364,NA,Vietnam,2003,Southeast Asia
ERR025366,NA,India,2007,South Asia
ERR025367,NA,Mozambique,2005,Africa
ERR025368,NA,India,2007,South Asia
ERR025369,NA,India,2006,South Asia
ERR025370,NA,Tanzania,2009,Africa
ERR025371,NA,India,2007,South Asia
ERR025372,NA,India,2007,South Asia
ERR025373,NA,Bangladesh,2001,South Asia
ERR025374,NA,India,2005,South Asia
ERR025375,NA,India,2007,South Asia
ERR025377,NA,Mozambique,2005,Africa
ERR025378,NA,Peru,1991,Latin America
ERR025379,NA,India,1980,South Asia
ERR025380,NA,Unknown,1973,Unknown
ERR025381,NA,Angola,1989,Africa
ERR025382,NA,Indonesia,1957,Southeast Asia
ERR025383,NA,Bangladesh,1979,South Asia
ERR025384,NA,India,1977,South Asia
ERR025385,NA,Bangladesh,1971,South Asia
ERR025386,NA,Bangladesh,1979,South Asia
ERR025388,NA,Peru,1991,Latin America
ERR025389,NA,Peru,1991,Latin America
ERR025390,NA,Peru,1991,Latin America
ERR025392,NA,Bangladesh,1994,South Asia
ERR025393,NA,Bangladesh,2006,South Asia
ERR025395,NA,Bangladesh,2007,South Asia
ERR025396,NA,Bangladesh,1991,South Asia
ERR028068,NA,Kenya,2009,Africa
ERR028074,NA,Kenya,2009,Africa
ERR028075,NA,Kenya,2009,Africa
ERR028076,NA,Kenya,2009,Africa
ERR037741,NA,Kenya,2009,Africa
ERR042733,NA,Gaza,1994,Middle East
ERR042738,NA,Palestine,1994,Middle East
ERR044779,NA,Mexico,1991,Latin America
ERR044797,NA,Mozambique,2004,Africa
ERR044799,NA,Zimbabwe,2009,Africa
ERR051745,BD-1,Pakistan,2010,South Asia
ERR051746,BD-1,Pakistan,2010,South Asia
ERR051748,BD-1,Pakistan,2010,South Asia
ERR051749,BD-1,Pakistan,2010,South Asia
ERR051751,BD-1,Pakistan,2010,South Asia
ERR051752,BD-1,Pakistan,2010,South Asia
ERR051756,BD-1,Pakistan,2010,South Asia
ERR051759,BD-1,Pakistan,2010,South Asia
ERR051760,BD-1,Pakistan,2010,South Asia
ERR051761,BD-1,Pakistan,2010,South Asia
ERR051762,BD-1,Pakistan,2010,South Asia
ERR051763,BD-1,Pakistan,2010,South Asia
ERR051764,BD-1,Pakistan,2010,South Asia
ERR051765,BD-2,Pakistan,2010,South Asia
ERR051767,BD-2,Pakistan,2010,South Asia
ERR051768,BD-2,Pakistan,2010,South Asia
ERR051769,BD-2,Pakistan,2010,South Asia
ERR051770,BD-2,Pakistan,2010,South Asia
ERR051771,BD-1,Pakistan,2010,South Asia
ERR051772,BD-2,Pakistan,2010,South Asia
ERR051773,BD-1,Pakistan,2010,South Asia
ERR051775,BD-1,Pakistan,2010,South Asia
ERR051776,BD-1,Pakistan,2010,South Asia
ERR051777,BD-1,Pakistan,2010,South Asia
ERR051779,BD-1,Pakistan,2010,South Asia
ERR051780,BD-1,Pakistan,2010,South Asia
ERR051781,BD-1,Pakistan,2010,South Asia
ERR051783,BD-1,Pakistan,2010,South Asia
ERR051784,BD-1,Pakistan,2010,South Asia
ERR051785,BD-1,Pakistan,2010,South Asia
ERR051786,BD-2,Pakistan,2010,South Asia
ERR051787,BD-1,Pakistan,2010,South Asia
ERR051788,BD-1,Pakistan,2010,South Asia
ERR051789,BD-1,Pakistan,2010,South Asia
ERR051790,BD-1,Pakistan,2010,South Asia
ERR117593,NA,Kenya,2007,Africa
ERR117609,NA,Kenya,2009,Africa
ERR11850017,BD-2,Bangladesh,2017,South Asia
ERR11850018,BD-2,Bangladesh,2017,South Asia
ERR11850019,BD-2,Bangladesh,2017,South Asia
ERR11850020,BD-2,Bangladesh,2017,South Asia
ERR11850021,BD-2,Bangladesh,2016,South Asia
ERR11850022,BD-2,Bangladesh,2018,South Asia
ERR11850023,BD-2,Bangladesh,2016,South Asia
ERR11850024,BD-2,Bangladesh,2015,South Asia
ERR11850025,BD-2,Bangladesh,2017,South Asia
ERR11850026,BD-2,Bangladesh,2018,South Asia
ERR11850027,BD-2,Bangladesh,2017,South Asia
ERR11850028,BD-2,Bangladesh,2017,South Asia
ERR11850029,BD-2,Bangladesh,2017,South Asia
ERR11850030,BD-2,Bangladesh,2016,South Asia
ERR11850031,BD-2,Bangladesh,2017,South Asia
ERR11850032,BD-2,Bangladesh,2015,South Asia
ERR11850033,BD-2,Bangladesh,2018,South Asia
ERR11850034,BD-2,Bangladesh,2017,South Asia
ERR11850035,BD-2,Bangladesh,2017,South Asia
ERR11850036,BD-2,Bangladesh,2017,South Asia
ERR11850037,BD-2,Bangladesh,2015,South Asia
ERR11850038,BD-2,Bangladesh,2017,South Asia
ERR11850039,BD-2,Bangladesh,2018,South Asia
ERR11850040,BD-2,Bangladesh,2015,South Asia
ERR11850041,BD-2,Bangladesh,2018,South Asia
ERR11850042,BD-2,Bangladesh,2016,South Asia
ERR11850043,BD-2,Bangladesh,2017,South Asia
ERR11850044,BD-2,Bangladesh,2016,South Asia
ERR11850045,BD-2,Bangladesh,2017,South Asia
ERR11850046,BD-2,Bangladesh,2016,South Asia
ERR11850047,BD-2,Bangladesh,2016,South Asia
ERR11850048,BD-2,Bangladesh,2016,South Asia
ERR11850049,BD-2,Bangladesh,2016,South Asia
ERR11850050,BD-2,Bangladesh,2016,South Asia
ERR11850051,BD-2,Bangladesh,2016,South Asia
ERR11850052,BD-2,Bangladesh,2016,South Asia
ERR11850053,BD-2,Bangladesh,2016,South Asia
ERR11850054,BD-2,Bangladesh,2015,South Asia
ERR11850055,BD-2,Bangladesh,2016,South Asia
ERR11850056,BD-2,Bangladesh,2016,South Asia
ERR11850057,BD-2,Bangladesh,2016,South Asia
ERR11850058,BD-2,Bangladesh,2016,South Asia
ERR11850059,BD-2,Bangladesh,2016,South Asia
ERR11850060,BD-2,Bangladesh,2016,South Asia
ERR11850061,BD-2,Bangladesh,2016,South Asia
ERR11850062,BD-2,Bangladesh,2015,South Asia
ERR11850063,BD-2,Bangladesh,2016,South Asia
ERR11850064,BD-2,Bangladesh,2016,South Asia
ERR11850065,BD-2,Bangladesh,2016,South Asia
ERR11850066,BD-2,Bangladesh,2016,South Asia
ERR11850067,BD-2,Bangladesh,2016,South Asia
ERR11850068,BD-2,Bangladesh,2016,South Asia
ERR11850069,BD-2,Bangladesh,2016,South Asia
ERR11850070,BD-2,Bangladesh,2016,South Asia
ERR11850071,BD-1,Bangladesh,2018,South Asia
ERR11850072,BD-2,Bangladesh,2016,South Asia
ERR11850073,BD-2,Bangladesh,2016,South Asia
ERR11850074,BD-2,Bangladesh,2017,South Asia
ERR11850075,BD-2,Bangladesh,2017,South Asia
ERR11850076,BD-2,Bangladesh,2016,South Asia
ERR11850077,BD-2,Bangladesh,2016,South Asia
ERR11850078,BD-2,Bangladesh,2016,South Asia
ERR11850079,BD-2,Bangladesh,2016,South Asia
ERR11850080,BD-2,Bangladesh,2016,South Asia
ERR11850081,BD-2,Bangladesh,2016,South Asia
ERR11850082,BD-2,Bangladesh,2016,South Asia
ERR11850083,BD-2,Bangladesh,2016,South Asia
ERR11850084,BD-2,Bangladesh,2016,South Asia
ERR11850085,BD-2,Bangladesh,2016,South Asia
ERR11850086,BD-2,Bangladesh,2016,South Asia
ERR11850087,BD-2,Bangladesh,2016,South Asia
ERR11850088,BD-2,Bangladesh,2015,South Asia
ERR11850089,BD-2,Bangladesh,2016,South Asia
ERR11850090,BD-2,Bangladesh,2014,South Asia
ERR11850091,BD-2,Bangladesh,2016,South Asia
ERR11850092,BD-2,Bangladesh,2016,South Asia
ERR11850093,BD-2,Bangladesh,2016,South Asia
ERR11850094,BD-2,Bangladesh,2016,South Asia
ERR11850095,BD-2,Bangladesh,2016,South Asia
ERR11850096,BD-2,Bangladesh,2016,South Asia
ERR11850097,BD-2,Bangladesh,2016,South Asia
ERR11850098,BD-2,Bangladesh,2014,South Asia
ERR11850099,BD-2,Bangladesh,2018,South Asia
ERR11850100,BD-2,Bangladesh,2014,South Asia
ERR11850101,BD-2,Bangladesh,2018,South Asia
ERR11850102,BD-2,Bangladesh,2018,South Asia
ERR11850103,BD-2,Bangladesh,2014,South Asia
ERR11850104,BD-2,Bangladesh,2016,South Asia
ERR11850105,BD-2,Bangladesh,2017,South Asia
ERR11850106,BD-2,Bangladesh,2016,South Asia
ERR11850107,BD-2,Bangladesh,2017,South Asia
ERR11850108,BD-2,Bangladesh,2016,South Asia
ERR11850109,BD-2,Bangladesh,2017,South Asia
ERR11850110,BD-2,Bangladesh,2017,South Asia
ERR11850111,BD-2,Bangladesh,2017,South Asia
ERR11850112,BD-2,Bangladesh,2017,South Asia
ERR11850113,BD-2,Bangladesh,2016,South Asia
ERR11850114,BD-2,Bangladesh,2017,South Asia
ERR11850115,BD-2,Bangladesh,2017,South Asia
ERR11850116,BD-2,Bangladesh,2017,South Asia
ERR11850117,BD-2,Bangladesh,2018,South Asia
ERR11850118,BD-2,Bangladesh,2018,South Asia
ERR11850119,BD-2,Bangladesh,2018,South Asia
ERR11850120,BD-2,Bangladesh,2018,South Asia
ERR11850121,BD-2,Bangladesh,2018,South Asia
ERR11850122,BD-2,Bangladesh,2018,South Asia
ERR11850123,BD-2,Bangladesh,2018,South Asia
ERR11850124,BD-2,Bangladesh,2018,South Asia
ERR11850125,BD-2,Bangladesh,2015,South Asia
ERR11850126,BD-2,Bangladesh,2014,South Asia
ERR11850127,BD-2,Bangladesh,2015,South Asia
ERR11850128,BD-2,Bangladesh,2017,South Asia
ERR11850129,BD-2,Bangladesh,2014,South Asia
ERR11850130,BD-2,Bangladesh,2014,South Asia
ERR11850131,BD-2,Bangladesh,2015,South Asia
ERR11850132,BD-2,Bangladesh,2015,South Asia
ERR11850133,BD-2,Bangladesh,2015,South Asia
ERR11850134,BD-2,Bangladesh,2014,South Asia
ERR11850135,BD-2,Bangladesh,2017,South Asia
ERR11850136,BD-2,Bangladesh,2014,South Asia
ERR11850137,BD-2,Bangladesh,2017,South Asia
ERR11850138,BD-2,Bangladesh,2014,South Asia
ERR11850139,BD-2,Bangladesh,2018,South Asia
ERR11850140,BD-2,Bangladesh,2015,South Asia
ERR11850141,BD-1,Bangladesh,2018,South Asia
ERR11850142,BD-2,Bangladesh,2015,South Asia
ERR11850143,BD-2,Bangladesh,2014,South Asia
ERR11850144,BD-2,Bangladesh,2014,South Asia
ERR11850145,BD-2,Bangladesh,2015,South Asia
ERR11850146,BD-2,Bangladesh,2018,South Asia
ERR11850147,BD-2,Bangladesh,2018,South Asia
ERR11850148,BD-1,Bangladesh,2018,South Asia
ERR11850149,BD-1,Bangladesh,2018,South Asia
ERR11850150,BD-2,Bangladesh,2018,South Asia
ERR11850151,BD-1,Bangladesh,2018,South Asia
ERR11850152,BD-1,Bangladesh,2018,South Asia
ERR11850153,BD-2,Bangladesh,2017,South Asia
ERR11850154,BD-2,Bangladesh,2017,South Asia
ERR11850156,BD-2,Bangladesh,2017,South Asia
ERR11850157,BD-2,Bangladesh,2018,South Asia
ERR11850158,BD-2,Bangladesh,2018,South Asia
ERR11850159,BD-2,Bangladesh,2017,South Asia
ERR11850160,BD-1,Bangladesh,2018,South Asia
ERR11850161,NA,Bangladesh,2017,South Asia
ERR11850162,BD-2,Bangladesh,2017,South Asia
ERR11850163,BD-2,Bangladesh,2018,South Asia
ERR11850164,BD-2,Bangladesh,2017,South Asia
ERR11850165,BD-1,Bangladesh,2018,South Asia
ERR11850166,BD-2,Bangladesh,2017,South Asia
ERR11850167,BD-1,Bangladesh,2018,South Asia
ERR11850168,BD-1,Bangladesh,2018,South Asia
ERR11850169,BD-2,Bangladesh,2018,South Asia
ERR11850170,BD-1,Bangladesh,2018,South Asia
ERR11850171,BD-2,Bangladesh,2018,South Asia
ERR11850172,BD-2,Bangladesh,2017,South Asia
ERR11850173,BD-2,Bangladesh,2018,South Asia
ERR11850174,BD-2,Bangladesh,2017,South Asia
ERR11850175,BD-2,Bangladesh,2018,South Asia
ERR11850176,BD-2,Bangladesh,2017,South Asia
ERR11850177,BD-2,Bangladesh,2017,South Asia
ERR11850178,BD-2,Bangladesh,2018,South Asia
ERR11850179,BD-1,Bangladesh,2018,South Asia
ERR11850180,BD-2,Bangladesh,2018,South Asia
ERR11850181,BD-2,Bangladesh,2017,South Asia
ERR11850182,BD-2,Bangladesh,2018,South Asia
ERR11850183,BD-2,Bangladesh,2018,South Asia
ERR11850184,BD-2,Bangladesh,2017,South Asia
ERR11850185,BD-1,Bangladesh,2019,South Asia
ERR11850186,BD-2,Bangladesh,2017,South Asia
ERR11850187,BD-2,Bangladesh,2018,South Asia
ERR11850188,BD-2,Bangladesh,2016,South Asia
ERR11850189,BD-2,Bangladesh,2016,South Asia
ERR11850190,BD-2,Bangladesh,2018,South Asia
ERR11850191,BD-1,Bangladesh,2019,South Asia
ERR11850192,BD-2,Bangladesh,2014,South Asia
ERR11850193,BD-2,Bangladesh,2016,South Asia
ERR11850194,BD-1,Bangladesh,2019,South Asia
ERR11850195,BD-1,Bangladesh,2019,South Asia
ERR11850196,BD-2,Bangladesh,2015,South Asia
ERR11850197,BD-1,Bangladesh,2019,South Asia
ERR11850198,BD-2,Bangladesh,2016,South Asia
ERR11850199,BD-2,Bangladesh,2016,South Asia
ERR11850200,BD-2,Bangladesh,2014,South Asia
ERR11850201,BD-2,Bangladesh,2015,South Asia
ERR11850202,BD-2,Bangladesh,2017,South Asia
ERR11850203,BD-2,Bangladesh,2016,South Asia
ERR11850204,BD-2,Bangladesh,2017,South Asia
ERR11850205,BD-2,Bangladesh,2017,South Asia
ERR11850206,BD-1,Bangladesh,2019,South Asia
ERR11850207,BD-1,Bangladesh,2019,South Asia
ERR11850208,BD-1,Bangladesh,2019,South Asia
ERR11850209,BD-1,Bangladesh,2019,South Asia
ERR11850210,BD-1,Bangladesh,2019,South Asia
ERR11850211,BD-1,Bangladesh,2019,South Asia
ERR11850212,BD-1,Bangladesh,2019,South Asia
ERR11850213,BD-1,Bangladesh,2019,South Asia
ERR11850214,BD-1,Bangladesh,2019,South Asia
ERR11850215,BD-1,Bangladesh,2019,South Asia
ERR11850216,BD-1,Bangladesh,2019,South Asia
ERR11850217,BD-1,Bangladesh,2019,South Asia
ERR11850218,BD-1,Bangladesh,2019,South Asia
ERR11850219,BD-1,Bangladesh,2019,South Asia
ERR11850220,BD-1,Bangladesh,2019,South Asia
ERR11850221,BD-1,Bangladesh,2019,South Asia
ERR11850222,BD-1,Bangladesh,2019,South Asia
ERR11850223,BD-1,Bangladesh,2019,South Asia
ERR11850224,BD-1,Bangladesh,2019,South Asia
ERR11850225,BD-1,Bangladesh,2019,South Asia
ERR11850226,BD-1,Bangladesh,2019,South Asia
ERR11850227,BD-1,Bangladesh,2019,South Asia
ERR11850228,BD-1,Bangladesh,2019,South Asia
ERR11850229,BD-1,Bangladesh,2019,South Asia
ERR11850230,BD-1,Bangladesh,2019,South Asia
ERR11850231,BD-1,Bangladesh,2019,South Asia
ERR11850232,BD-1,Bangladesh,2019,South Asia
ERR11850233,BD-1,Bangladesh,2019,South Asia
ERR11850234,BD-1,Bangladesh,2019,South Asia
ERR11850235,BD-1,Bangladesh,2019,South Asia
ERR11850236,BD-1,Bangladesh,2019,South Asia
ERR11850237,BD-1,Bangladesh,2019,South Asia
ERR11850238,BD-1,Bangladesh,2019,South Asia
ERR11850239,BD-1,Bangladesh,2019,South Asia
ERR163240,NA,Mexico,1993,Latin America
ERR163242,NA,Mexico,1994,Latin America
ERR163243,NA,Mexico,1995,Latin America
ERR163244,NA,Mexico,1995,Latin America
ERR163247,NA,Mexico,2004,Latin America
ERR163248,NA,Mexico,2004,Latin America
ERR163250,NA,Mexico,2007,Latin America
ERR163271,NA,Mexico,2010,Latin America
ERR1877642,NA,Rwanda,2000,Africa
ERR1877643,NA,Cameroon,2000,Africa
ERR1877649,NA,Djibouti,2000,Africa
ERR1877938,NA,Djibouti,2000,Africa
ERR1878095,NA,Somalia,2003,Africa
ERR1878553,NA,SouthSudan,2007,Africa
ERR1878560,NA,Algeria,1994,Africa
ERR1878604,NA,GuineaBissau,2012,Africa
ERR1878608,NA,DemocraticRepublicoftheCongo,2014,Africa
ERR1878615,NA,RussianFederation,1990,Europe
ERR1878616,NA,RussianFederation,1990,Europe
ERR1879387,NA,Ethiopia,1998,Africa
ERR1879392,NA,Ethiopia,1985,Africa
ERR1879393,NA,Romania,1994,Europe
ERR1879429,NA,Pakistan,1992,South Asia
ERR1879430,NA,Romania,1991,Europe
ERR1879431,NA,Romania,1987,Europe
ERR1879432,NA,Lebanon,1993,Middle East
ERR1879536,NA,Somalia,1985,Africa
ERR1879538,NA,Cambodia,1993,Southeast Asia
ERR1879545,NA,Ethiopia,1998,Africa
ERR1879549,NA,Turkey,1991,Middle East
ERR1879553,NA,India,1992,South Asia
ERR1879570,NA,Thailand,1993,Southeast Asia
ERR1879574,NA,Romania,1991,Europe
ERR1879575,NA,Somalia,1994,Africa
ERR1879597,NA,India,1996,South Asia
ERR1879600,NA,Sudan,1996,Africa
ERR1879649,NA,Afghanistan,1999,South Asia
ERR1880762,NA,GuineaBissau,1997,Africa
ERR1880765,NA,Zambia,1998,Africa
ERR1880774,NA,RepublicofSouthAfrica,2001,Africa
ERR1880801,NA,India,1997,South Asia
ERR1880809,NA,India,2000,South Asia
ERR1880821,NA,India,2007,South Asia
ERR1880827,BD-1,India,2010,South Asia
ERR1880828,BD-1,India,2010,South Asia
ERR1880837,NA,India,1990,South Asia
ERR1880838,NA,India,1989,South Asia
ERR1880839,NA,India,1990,South Asia
ERR1880842,NA,India,1989,South Asia
ERR1880844,NA,India,1992,South Asia
ERR2008341,NA,Mexico,1991,Latin America
ERR2008342,NA,Mexico,1991,Latin America
ERR2008352,NA,Mexico,1999,Latin America
ERR2008360,NA,Mexico,1992,Latin America
ERR2008391,NA,Mexico,1993,Latin America
ERR2008392,NA,Mexico,1994,Latin America
ERR2008395,NA,Mexico,1994,Latin America
ERR2008400,NA,Mexico,1995,Latin America
ERR2008405,NA,Mexico,1995,Latin America
ERR2008411,NA,Mexico,1996,Latin America
ERR2008421,NA,Mexico,1996,Latin America
ERR2008425,NA,Mexico,1997,Latin America
ERR2008748,NA,Mexico,1998,Latin America
ERR2008750,NA,Mexico,1998,Latin America
ERR2008751,NA,Mexico,1997,Latin America
ERR2008752,NA,Mexico,1998,Latin America
ERR2008759,NA,Brazil,1991,Latin America
ERR2144735,NA,Kenya,2010,Africa
ERR2144781,NA,Mozambique,2002,Africa
ERR2265590,BD-1,Bangladesh,2011,South Asia
ERR2265649,BD-1,India,2014,South Asia
ERR2269808,BD-1,India,2010,South Asia
ERR2269922,BD-1,India,2010,South Asia
ERR2269923,BD-1,India,2011,South Asia
ERR2269924,BD-1,India,2011,South Asia
ERR2269925,BD-1,India,2011,South Asia
ERR2269926,BD-2,India,2011,South Asia
ERR2269927,BD-2,India,2012,South Asia
ERR2269928,BD-1,India,2012,South Asia
ERR2269929,BD-1,India,2012,South Asia
ERR2269930,BD-1,India,2013,South Asia
ERR2269944,BD-1,India,2013,South Asia
ERR2269945,BD-1,India,2013,South Asia
ERR2269946,BD-1,India,2013,South Asia
ERR2269947,BD-1,India,2014,South Asia
ERR2269948,BD-1,India,2014,South Asia
ERR2269949,BD-1,India,2014,South Asia
ERR2269950,BD-1,India,2015,South Asia
ERR2269951,BD-1,India,2015,South Asia
ERR2269952,BD-1,India,2015,South Asia
ERR2269953,BD-1,India,2015,South Asia
ERR2270655,BD-1,India,2016,South Asia
ERR2270656,BD-1,India,2016,South Asia
ERR2270657,BD-1,India,2016,South Asia
ERR2270658,BD-1,India,2016,South Asia
ERR2270659,BD-1,India,2017,South Asia
ERR2270660,BD-1,India,2017,South Asia
ERR2270661,BD-1,India,2017,South Asia
ERR2270662,BD-1,India,2017,South Asia
ERR466833,NA,Mexico,2013,Latin America
ERR466840,NA,Mexico,2013,Latin America
ERR466844,NA,Mexico,2013,Latin America
ERR568406,NA,Bangladesh,2014,South Asia
ERR568407,NA,Bangladesh,2013,South Asia
ERR568408,NA,Bangladesh,2014,South Asia
ERR576951,NA,China,2001,Southeast Asia
ERR576974,BD-2,China,2010,Southeast Asia
ERR576975,NA,China,2001,Southeast Asia
ERR576976,NA,China,1998,Southeast Asia
ERR576977,NA,China,1993,Southeast Asia
ERR576984,NA,China,1999,Southeast Asia
ERR576985,NA,China,1994,Southeast Asia
ERR576986,NA,China,1993,Southeast Asia
ERR579061,NA,China,1988,Southeast Asia
ERR579068,NA,China,1995,Southeast Asia
ERR579073,NA,China,1996,Southeast Asia
ERR579076,NA,China,2000,Southeast Asia
ERR579077,NA,China,1998,Southeast Asia
ERR579078,NA,China,1997,Southeast Asia
ERR579080,NA,China,1992,Southeast Asia
ERR579081,NA,China,1991,Southeast Asia
ERR579082,NA,China,1990,Southeast Asia
ERR579085,NA,China,2002,Southeast Asia
ERR579086,NA,China,2001,Southeast Asia
ERR579092,NA,China,1998,Southeast Asia
ERR579093,NA,China,1998,Southeast Asia
ERR579311,NA,China,1994,Southeast Asia
ERR579313,NA,China,2001,Southeast Asia
ERR976391,NA,Angola,1990,Africa
ERR976395,NA,Algeria,1987,Africa
ERR976398,NA,SierraLeone,1970,Africa
ERR976399,NA,Ethiopia,1970,Africa
ERR976409,NA,Algeria,1986,Africa
ERR976410,NA,DemocraticRepublicoftheCongo,1984,Africa
ERR976411,NA,Coted'Ivoire,1984,Africa
ERR976463,NA,Ethiopia,1970,Africa
ERR976477,NA,SierraLeone,1986,Africa
ERR976482,NA,Djibouti,1985,Africa
ERR976488,NA,Bolivia,1991,Latin America
ERR976489,NA,Brazil,1991,Latin America
ERR976495,NA,Bolivia,1992,Latin America
ERR976514,NA,Benin,1991,Africa
ERR976515,NA,Benin,1991,Africa
ERR976516,NA,Niger,1991,Africa
ERR976534,NA,Coted'Ivoire,1993,Africa
ERR976536,NA,Coted'Ivoire,1993,Africa
ERR976537,NA,Guinea,1994,Africa
ERR976545,NA,Liberia,1994,Africa
ERR976547,NA,Gabon,1997,Africa
ERR976562,NA,Cameroon,1998,Africa
ERR976565,NA,Djibouti,1997,Africa
ERR976573,NA,BurkinaFaso,1998,Africa
ERR976583,NA,Somalia,1999,Africa
ERR976584,NA,Uganda,1999,Africa
ERR976585,NA,Mozambique,1999,Africa
ERR976586,NA,Mozambique,1999,Africa
ERR976587,NA,Mozambique,1999,Africa
ERR976598,NA,Djibouti,1994,Africa
ERR976599,NA,Djibouti,1994,Africa
ERR998722,NA,Rwanda,1996,Africa
SRR227303,BD-1,Bangladesh,2010,South Asia
SRR227311,NA,Zimbabwe,2009,Africa
SRR227312,NA,Mexico,1991,Latin America
SRR227324,BD-2,Thailand,2010,Southeast Asia
SRR227335,BD-1,Bangladesh,2010,South Asia
SRR308665,BD-2,Nepal,2010,South Asia
SRR308690,BD-2,Nepal,2010,South Asia
SRR308691,BD-2,Nepal,2010,South Asia
SRR308692,BD-2,Nepal,2010,South Asia
SRR308693,BD-2,Nepal,2010,South Asia
SRR308703,BD-1,Nepal,2010,South Asia
SRR308704,BD-2,Nepal,2010,South Asia
SRR308705,BD-2,Nepal,2010,South Asia
SRR308706,BD-2,Nepal,2010,South Asia
SRR308707,BD-2,Nepal,2010,South Asia
SRR308708,BD-2,Nepal,2010,South Asia
SRR308709,BD-2,Nepal,2010,South Asia
SRR308713,BD-2,Nepal,2010,South Asia
SRR308715,BD-1,Nepal,2010,South Asia
SRR308716,BD-1,Nepal,2010,South Asia
SRR308717,BD-2,Nepal,2010,South Asia
SRR308720,BD-2,Nepal,2010,South Asia
SRR308721,BD-1,Nepal,2010,South Asia
SRR308722,BD-1,Nepal,2010,South Asia
SRR308723,BD-2,Nepal,2010,South Asia
SRR308724,BD-2,Nepal,2010,South Asia
SRR308725,BD-2,Nepal,2010,South Asia
SRR308726,BD-1,Nepal,2010,South Asia
SRR308727,BD-1,Nepal,2010,South Asia
SRR350623,NA,Mexico,2000,Latin America
SRR491124,BD-1,Bangladesh,2010,South Asia
SRR491153,NA,Bangladesh,2011,South Asia
SRR491158,BD-1,Bangladesh,2010,South Asia
SRR491169,BD-1,Bangladesh,2010,South Asia
SRR491170,BD-1,Bangladesh,2010,South Asia
SRR491171,BD-1,Bangladesh,2010,South Asia
SRR491175,BD-1,Bangladesh,2010,South Asia
SRR491176,BD-2,India,2007,South Asia
SRR491177,BD-1,Bangladesh,2010,South Asia
SRR491178,BD-1,Bangladesh,2010,South Asia
SRR495447,BD-2,India,1992,South Asia
SRR495764,BD-1,Bangladesh,2010,South Asia
